AFFENPINSCHER;.\\images\\affenpinscher.jpg;https://wamiz.comhttps://wamiz.com/chiens/affenpinscher-1
AIREDALE TERRIER;.\\images\\airedale-terrier.jpg;https://wamiz.com/chiens/airedale-terrier-2
AKITA AMERICAIN;.\\images\\grand-chien-japonais.jpg;https://wamiz.com/chiens/akita-americain-192
AKITA INU;.\\images\\akita-inu.jpg;https://wamiz.com/chiens/akita-inu-3
AMERICAN STAFFORDSHIRE TERRIER;.\\images\\american-staffordshire-terrier.jpg;https://wamiz.com/chiens/american-staffordshire-terrier-4
ANCIEN CHIEN D'ARRET DANOIS;.\\images\\ancien-chien-d-arret-danois.jpg;https://wamiz.com/chiens/ancien-chien-d-arret-danois-5
ANGLO-FRANCAIS DE PETITE VENERIE;.\\images\\anglo-francais-de-petite-venerie.jpg;https://wamiz.com/chiens/anglo-francais-de-petite-venerie-6
ARIEGEOIS;.\\images\\ariegeois.jpg;https://wamiz.com/chiens/ariegeois-7
AZAWAKH;.\\images\\azawakh.jpg;https://wamiz.com/chiens/azawakh-8
BARBET;.\\images\\barbet.jpg;https://wamiz.com/chiens/barbet-9
BARBU TCHEQUE;.\\images\\barbu-tcheque.jpg;https://wamiz.com/chiens/barbu-tcheque-10
BARZOI;.\\images\\barzoi.jpg;https://wamiz.com/chiens/barzoi-11
BASENJI;.\\images\\basenji.jpg;https://wamiz.com/chiens/basenji-12
BASSET ARTESIEN NORMAND;.\\images\\basset-artesien-normand.jpg;https://wamiz.com/chiens/basset-artesien-normand-13
BASSET DE WESTPHALIE;.\\images\\basset-de-westphalie.jpg;https://wamiz.com/chiens/basset-de-westphalie-14
BASSET DES ALPES;.\\images\\basset-des-alpes.jpg;https://wamiz.com/chiens/basset-des-alpes-15
BASSET FAUVE DE BRETAGNE;.\\images\\basset-fauve-de-bretagne.jpg;https://wamiz.com/chiens/basset-fauve-de-bretagne-16
BASSET HOUND;.\\images\\basset-hound.jpg;https://wamiz.com/chiens/basset-hound-17
BEAGLE;.\\images\\beagle.jpg;https://wamiz.com/chiens/beagle-18
BEAGLE-HARRIER;.\\images\\beagle-harrier.jpg;https://wamiz.com/chiens/beagle-harrier-19
BEARDED COLLIE;.\\images\\bearded-collie.jpg;https://wamiz.com/chiens/bearded-collie-20
BEAUCERON;.\\images\\beauceron.jpg;https://wamiz.com/chiens/beauceron-29
BEDLINGTON TERRIER;.\\images\\bedlington-terrier.jpg;https://wamiz.com/chiens/bedlington-terrier-21
BERGER ALLEMAND;.\\images\\berger-allemand.jpg;https://wamiz.com/chiens/berger-allemand-22
BERGER AUSTRALIEN;.\\images\\berger-australien.jpg;https://wamiz.com/chiens/berger-australien-23
BERGER BELGE;.\\images\\berger-belge.jpg;https://wamiz.com/chiens/berger-belge-24
BERGER BLANC SUISSE;.\\images\\berger-blanc-suisse.jpg;https://wamiz.com/chiens/berger-blanc-suisse-25
BERGER CATALAN;.\\images\\chien-de-berger-catalan.jpg;https://wamiz.com/chiens/berger-catalan-126
BERGER D'ANATOLIE;.\\images\\berger-d-anatolie.jpg;https://wamiz.com/chiens/berger-d-anatolie-26
BERGER D'ASIE CENTRALE;.\\images\\berger-d-asie-centrale.jpg;https://wamiz.com/chiens/berger-d-asie-centrale-27
BERGER D'ISLANDE;.\\images\\berger-d-islande.jpg;https://wamiz.com/chiens/berger-d-islande-28
BERGER DE BERGAME;.\\images\\berger-de-bergame.jpg;https://wamiz.com/chiens/berger-de-bergame-30
BERGER DE BRIE;.\\images\\berger-de-brie.jpg;https://wamiz.com/chiens/berger-de-brie-31
BERGER DE L'ATLAS;.\\images\\berger-de-l-atlas.jpg;https://wamiz.com/chiens/berger-de-l-atlas-32
BERGER DE MAREMME ET DES ABRUZZES;.\\images\\berger-de-maremme-et-des-abruzzes.jpg;https://wamiz.com/chiens/berger-de-maremme-et-des-abruzzes-33
BERGER DE PICARDIE;.\\images\\berger-de-picardie.jpg;https://wamiz.com/chiens/berger-de-picardie-34
BERGER DE RUSSIE;.\\images\\berger-de-russie.jpg;https://wamiz.com/chiens/berger-de-russie-35
BERGER DES PYRENEES;.\\images\\berger-des-pyrenees.jpg;https://wamiz.com/chiens/berger-des-pyrenees-45
BERGER DES SHETLAND;.\\images\\berger-des-shetland.jpg;https://wamiz.com/chiens/berger-des-shetland-36
BERGER DU CAUCASE;.\\images\\berger-du-caucase.jpg;https://wamiz.com/chiens/berger-du-caucase-37
BERGER DU MASSIF DU KARST;.\\images\\berger-du-massif-du-karst.jpg;https://wamiz.com/chiens/berger-du-massif-du-karst-38
BERGER FINNOIS DE LAPONIE;.\\images\\berger-finnois-de-laponie.jpg;https://wamiz.com/chiens/berger-finnois-de-laponie-39
BERGER HOLLANDAIS;.\\images\\berger-hollandais.jpg;https://wamiz.com/chiens/berger-hollandais-40
BERGER POLONAIS DE PLAINE;.\\images\\berger-polonais-de-plaine.jpg;https://wamiz.com/chiens/berger-polonais-de-plaine-41
BERGER POLONAIS DE PODHALE;.\\images\\berger-polonais-de-podhale.jpg;https://wamiz.com/chiens/berger-polonais-de-podhale-42
BERGER PORTUGAIS;.\\images\\berger-portugais.jpg;https://wamiz.com/chiens/berger-portugais-43
BERGER YOUGOSLAVE;.\\images\\berger-yougoslave.jpg;https://wamiz.com/chiens/berger-yougoslave-44
BICHON A POIL FRISE;.\\images\\bichon-a-poil-frise.jpg;https://wamiz.com/chiens/bichon-a-poil-frise-46
BICHON BOLONAIS;.\\images\\bichon-bolonais.jpg;https://wamiz.com/chiens/bichon-bolonais-47
BICHON HAVANAIS;.\\images\\bichon-havanais.jpg;https://wamiz.com/chiens/bichon-havanais-48
BICHON MALTAIS;.\\images\\bichon-maltais.jpg;https://wamiz.com/chiens/bichon-maltais-49
BILLY;.\\images\\billy.jpg;https://wamiz.com/chiens/billy-50
BLACK AND TAN COONHOUND;.\\images\\black-and-tan-coonhound.jpg;https://wamiz.com/chiens/black-and-tan-coonhound-51
BLEU DE GASCOGNE;.\\images\\bleu-de-gascogne.jpg;https://wamiz.com/chiens/bleu-de-gascogne-52
BOBTAIL;.\\images\\bobtail.jpg;https://wamiz.com/chiens/bobtail-53
BOERBOEL;.\\images\\boerboel.jpg;https://wamiz.com/chiens/boerboel-322
BORDER COLLIE;.\\images\\border-collie.jpg;https://wamiz.com/chiens/border-collie-54
BORDER TERRIER;.\\images\\border-terrier.jpg;https://wamiz.com/chiens/border-terrier-55
BOULEDOGUE FRANCAIS;.\\images\\bouledogue-francais.jpg;https://wamiz.com/chiens/bouledogue-francais-56
BOUVIER BERNOIS;.\\images\\bouvier-bernois.jpg;https://wamiz.com/chiens/bouvier-bernois-57
BOUVIER D'APPENZELL;.\\images\\bouvier-d-appenzell.jpg;https://wamiz.com/chiens/bouvier-d-appenzell-58
BOUVIER D'AUSTRALIE;.\\images\\bouvier-d-australie.jpg;https://wamiz.com/chiens/bouvier-d-australie-59
BOUVIER DE L'ENTLEBUCH;.\\images\\bouvier-de-l-entlebuch.jpg;https://wamiz.com/chiens/bouvier-de-l-entlebuch-60
BOUVIER DES ARDENNES;.\\images\\bouvier-des-ardennes.jpg;https://wamiz.com/chiens/bouvier-des-ardennes-61
BOUVIER DES FLANDRES;.\\images\\bouvier-des-flandres.jpg;https://wamiz.com/chiens/bouvier-des-flandres-62
BOXER;.\\images\\boxer.jpg;https://wamiz.com/chiens/boxer-63
BRACHET ALLEMAND;.\\images\\brachet-allemand.jpg;https://wamiz.com/chiens/brachet-allemand-64
BRACHET AUTRICHIEN NOIR ET FEU;.\\images\\brachet-autrichien-noir-et-feu.jpg;https://wamiz.com/chiens/brachet-autrichien-noir-et-feu-65
BRACHET DE STYRIE A POIL DUR;.\\images\\brachet_styrie.jpg;https://wamiz.com/chiens/brachet-de-styrie-a-poil-dur-66
BRACHET POLONAIS;.\\images\\brachet-polonais.jpg;https://wamiz.com/chiens/brachet-polonais-67
BRACHET TYROLIEN;.\\images\\brachet-tyrolien.jpg;https://wamiz.com/chiens/brachet-tyrolien-68
BRAQUE ALLEMAND A POIL COURT;.\\images\\braque-allemand-a-poil-court.jpg;https://wamiz.com/chiens/braque-allemand-a-poil-court-69
BRAQUE ALLEMAND A POIL DUR;.\\images\\braque-allemand-a-poil-dur.jpg;https://wamiz.com/chiens/braque-allemand-a-poil-dur-70
BRAQUE ALLEMAND A POIL RAIDE;.\\images\\braque-allemand-a-poil-raide.jpg;https://wamiz.com/chiens/braque-allemand-a-poil-raide-71
BRAQUE D'AUVERGNE;.\\images\\braque-d-auvergne.jpg;https://wamiz.com/chiens/braque-d-auvergne-72
BRAQUE DE BURGOS;.\\images\\braque-de-burgos.jpg;https://wamiz.com/chiens/braque-de-burgos-73
BRAQUE DE L'ARIEGE;.\\images\\braque-de-l-ariege.jpg;https://wamiz.com/chiens/braque-de-l-ariege-74
BRAQUE DE WEIMAR;.\\images\\braque-de-weimar.jpg;https://wamiz.com/chiens/braque-de-weimar-75
BRAQUE DU BOURBONNAIS;.\\images\\braque-du-bourbonnais.jpg;https://wamiz.com/chiens/braque-du-bourbonnais-76
BRAQUE FRANCAIS;.\\images\\braque-francais.jpg;https://wamiz.com/chiens/braque-francais-82
BRAQUE HONGROIS A POIL COURT;.\\images\\braque-hongrois-a-poil-court.jpg;https://wamiz.com/chiens/braque-hongrois-a-poil-court-77
BRAQUE HONGROIS A POIL DUR;.\\images\\braque-hongrois-a-poil-dur.jpg;https://wamiz.com/chiens/braque-hongrois-a-poil-dur-78
BRAQUE ITALIEN;.\\images\\braque-italien.jpg;https://wamiz.com/chiens/braque-italien-79
BRAQUE SAINT-GERMAIN;.\\images\\braque-saint-germain.jpg;https://wamiz.com/chiens/braque-saint-germain-80
BRAQUE SLOVAQUE A POIL DUR;.\\images\\braque-slovaque-a-poil-dur.jpg;https://wamiz.com/chiens/braque-slovaque-a-poil-dur-81
BRIQUET GRIFFON VENDEEN;.\\images\\briquet-griffon-vendeen.jpg;https://wamiz.com/chiens/briquet-griffon-vendeen-83
BROHOLMER;.\\images\\broholmer.jpg;https://wamiz.com/chiens/broholmer-84
BUHUND NORVEGIEN;.\\images\\buhund-norvegien.jpg;https://wamiz.com/chiens/buhund-norvegien-85
BULL TERRIER;.\\images\\bull-terrier.jpg;https://wamiz.com/chiens/bull-terrier-88
BULLDOG;.\\images\\bulldog.jpg;https://wamiz.com/chiens/bulldog-86
BULLMASTIFF;.\\images\\bullmastiff.jpg;https://wamiz.com/chiens/bullmastiff-87
CAIRN TERRIER;.\\images\\cairn-terrier.jpg;https://wamiz.com/chiens/cairn-terrier-89
CANE CORSO;.\\images\\cane-corso.jpg;https://wamiz.com/chiens/cane-corso-90
CANICHE;.\\images\\caniche.jpg;https://wamiz.com/chiens/caniche-91
CAO DE CASTRO LABOREIRO;.\\images\\cao-de-castro-laboreiro.jpg;https://wamiz.com/chiens/cao-de-castro-laboreiro-92
CAO FILA DE SAO MIGUEL;.\\images\\cao-fila-de-sao-miguel.jpg;https://wamiz.com/chiens/cao-fila-de-sao-miguel-93
CARLIN;.\\images\\carlin.jpg;https://wamiz.com/chiens/carlin-94
CAVALIER KING CHARLES SPANIEL;.\\images\\cavalier-king-charles-spaniel.jpg;https://wamiz.com/chiens/cavalier-king-charles-spaniel-95
CHESAPEAKE BAY RETRIEVER;.\\images\\chesapeake-bay-retriever.jpg;https://wamiz.com/chiens/chesapeake-bay-retriever-96
CHIEN CHINOIS A CRETE;.\\images\\chien-chinois-a-crete.jpg;https://wamiz.com/chiens/chien-chinois-a-crete-97
CHIEN COURANT D'ISTRIE A POIL DUR;.\\images\\chien-courant-d-istrie-a-poil-dur.jpg;https://wamiz.com/chiens/chien-courant-d-istrie-a-poil-dur-98
CHIEN COURANT D'ISTRIE A POIL RAS;.\\images\\chien-courant-d-istrie-a-poil-ras.jpg;https://wamiz.com/chiens/chien-courant-d-istrie-a-poil-ras-99
CHIEN COURANT DE BOSNIE A POIL DUR;.\\images\\chien-courant-de-bosnie-a-poil-dur.jpg;https://wamiz.com/chiens/chien-courant-de-bosnie-a-poil-dur-100
CHIEN COURANT DE HALDEN;.\\images\\chien-courant-de-halden.jpg;https://wamiz.com/chiens/chien-courant-de-halden-101
CHIEN COURANT DE HYGEN;.\\images\\chien-courant-de-hygen.jpg;https://wamiz.com/chiens/chien-courant-de-hygen-102
CHIEN COURANT DE POSAVATZ;.\\images\\chien-courant-de-posavatz.jpg;https://wamiz.com/chiens/chien-courant-de-posavatz-103
CHIEN COURANT DE TRANSYLVANIE;.\\images\\chien-courant-de-transylvanie.jpg;https://wamiz.com/chiens/chien-courant-de-transylvanie-104
CHIEN COURANT ESPAGNOL;.\\images\\chien-courant-espagnol.jpg;https://wamiz.com/chiens/chien-courant-espagnol-105
CHIEN COURANT FINNOIS;.\\images\\chien-courant-finnois.jpg;https://wamiz.com/chiens/chien-courant-finnois-106
CHIEN COURANT HELLENIQUE;.\\images\\chien-courant-hellenique.jpg;https://wamiz.com/chiens/chien-courant-hellenique-107
CHIEN COURANT ITALIEN;.\\images\\chien-courant-italien.jpg;https://wamiz.com/chiens/chien-courant-italien-144
CHIEN COURANT SERBE;.\\images\\chien-courant-serbe.jpg;https://wamiz.com/chiens/chien-courant-serbe-108
CHIEN COURANT SLOVAQUE;.\\images\\chien-courant-slovaque.jpg;https://wamiz.com/chiens/chien-courant-slovaque-109
CHIEN COURANT SUISSE;.\\images\\chien-courant-suisse.jpg;https://wamiz.com/chiens/chien-courant-suisse-145
CHIEN COURANT YOUGOSLAVE DE MONTAGNE;.\\images\\chien-courant-yougoslave-de-montagne.jpg;https://wamiz.com/chiens/chien-courant-yougoslave-de-montagne-110
CHIEN COURANT YOUGOSLAVE TRICOLORE;.\\images\\chien-courant-yougoslave-tricolore.jpg;https://wamiz.com/chiens/chien-courant-yougoslave-tricolore-111
CHIEN D'ARRET ALLEMAND A POIL LONG;.\\images\\chien-d-arret-allemand-a-poil-long.jpg;https://wamiz.com/chiens/chien-d-arret-allemand-a-poil-long-112
CHIEN D'ARRET PORTUGAIS;.\\images\\chien-d-arret-portugais.jpg;https://wamiz.com/chiens/chien-d-arret-portugais-113
CHIEN D'ARTOIS;.\\images\\chien-d-artois.jpg;https://wamiz.com/chiens/chien-d-artois-114
CHIEN D'EAU AMERICAIN;.\\images\\chien-d-eau-americain.jpg;https://wamiz.com/chiens/chien-d-eau-americain-115
CHIEN D'EAU ESPAGNOL;.\\images\\chien-d-eau-espagnol.jpg;https://wamiz.com/chiens/chien-d-eau-espagnol-116
CHIEN D'EAU FRISON;.\\images\\chien-d-eau-frison.jpg;https://wamiz.com/chiens/chien-d-eau-frison-117
CHIEN D'EAU IRLANDAIS;.\\images\\chien-d-eau-irlandais.jpg;https://wamiz.com/chiens/chien-d-eau-irlandais-118
CHIEN D'EAU PORTUGAIS;.\\images\\chien-d-eau-portugais.jpg;https://wamiz.com/chiens/chien-d-eau-portugais-119
CHIEN D'EAU ROMAGNOL;.\\images\\chien-d-eau-romagnol.jpg;https://wamiz.com/chiens/chien-d-eau-romagnol-120
CHIEN D'ELAN NORVEGIEN;.\\images\\chien-d-elan-norvegien.jpg;https://wamiz.com/chiens/chien-d-elan-norvegien-122
CHIEN D'ELAN SUEDOIS;.\\images\\chien-d-elan-suedois.jpg;https://wamiz.com/chiens/chien-d-elan-suedois-123
CHIEN D'OURS DE CARELIE;.\\images\\chien-d-ours-de-carelie.jpg;https://wamiz.com/chiens/chien-d-ours-de-carelie-124
CHIEN D'OYSEL;.\\images\\chien-d-oysel.jpg;https://wamiz.com/chiens/chien-d-oysel-125
CHIEN DE BERGER DE CROATIE;.\\images\\chien-de-berger-de-croatie.jpg;https://wamiz.com/chiens/chien-de-berger-de-croatie-127
CHIEN DE BERGER DE MAJORQUE;.\\images\\chien-de-berger-de-majorque.jpg;https://wamiz.com/chiens/chien-de-berger-de-majorque-128
CHIEN DE CANAAN;.\\images\\chien-de-canaan.jpg;https://wamiz.com/chiens/chien-de-canaan-129
CHIEN DE MONTAGNE DES PYRENEES;.\\images\\chien-de-montagne-des-pyrenees.jpg;https://wamiz.com/chiens/chien-de-montagne-des-pyrenees-130
CHIEN DE MONTAGNE PORTUGAIS;.\\images\\chien-de-montagne-portugais.jpg;https://wamiz.com/chiens/chien-de-montagne-portugais-131
CHIEN DE SAINT-HUBERT;.\\images\\chien-de-saint-hubert.jpg;https://wamiz.com/chiens/chien-de-saint-hubert-132
CHIEN DE TAIWAN;.\\images\\taiwan.jpg;https://wamiz.com/chiens/chien-de-taiwan-133
CHIEN DU GROENLAND;.\\images\\chien-du-groenland.jpg;https://wamiz.com/chiens/chien-du-groenland-134
CHIEN DU PHARAON;.\\images\\chien-du-pharaon.jpg;https://wamiz.com/chiens/chien-du-pharaon-135
CHIEN FINNOIS DE LAPONIE;.\\images\\chien-finnois-de-laponie.jpg;https://wamiz.com/chiens/chien-finnois-de-laponie-136
CHIEN NORVEGIEN DE MACAREUX;.\\images\\chien-d-elan-de-macareux.jpg;https://wamiz.com/chiens/chien-norvegien-de-macareux-121
CHIEN NU DU PEROU;.\\images\\chien-nu-du-perou.jpg;https://wamiz.com/chiens/chien-nu-du-perou-137
CHIEN NU MEXICAIN;.\\images\\chien-nu-mexicain.jpg;https://wamiz.com/chiens/chien-nu-mexicain-319
CHIEN ROUGE DE BAVIERE;.\\images\\chien-rouge-de-baviere.jpg;https://wamiz.com/chiens/chien-rouge-de-baviere-138
CHIEN ROUGE DE HANOVRE;.\\images\\chien-rouge-de-hanovre.jpg;https://wamiz.com/chiens/chien-rouge-de-hanovre-139
CHIEN SUEDOIS DE LAPONIE;.\\images\\chien-suedois-de-laponie.jpg;https://wamiz.com/chiens/chien-suedois-de-laponie-140
CHIEN THAILANDAIS;.\\images\\chien-thailandais.jpg;https://wamiz.com/chiens/chien-thailandais-141
CHIEN-LOUP DE SAARLOOS;.\\images\\chien-loup-de-saarloos.jpg;https://wamiz.com/chiens/chien-loup-de-saarloos-142
CHIEN-LOUP TCHEQUE;.\\images\\chien-loup-tcheque.jpg;https://wamiz.com/chiens/chien-loup-tcheque-143
CHIHUAHUA;.\\images\\chihuahua.jpg;https://wamiz.com/chiens/chihuahua-146
CHOW-CHOW;.\\images\\chow-chow.jpg;https://wamiz.com/chiens/chow-chow-147
CIRNECO DE L'ETNA;.\\images\\cirneco-de-l-etna.jpg;https://wamiz.com/chiens/cirneco-de-l-etna-148
CLUMBER SPANIEL;.\\images\\clumber-spaniel.jpg;https://wamiz.com/chiens/clumber-spaniel-149
COCKER AMERICAIN;.\\images\\cocker-americain.jpg;https://wamiz.com/chiens/cocker-americain-150
COCKER ANGLAIS;.\\images\\cocker-anglais.jpg;https://wamiz.com/chiens/cocker-anglais-151
COLLEY A POIL COURT;.\\images\\colley-a-poil-court.jpg;https://wamiz.com/chiens/colley-a-poil-court-152
COLLEY A POIL LONG;.\\images\\colley-a-poil-long.jpg;https://wamiz.com/chiens/colley-a-poil-long-153
COTON DE TULEAR;.\\images\\coton-de-tulear.jpg;https://wamiz.com/chiens/coton-de-tulear-154
CURLY-COATED RETRIEVER;.\\images\\curly-coated-retriever.jpg;https://wamiz.com/chiens/curly-coated-retriever-155
CURSINU;.\\images\\cursinu.jpg;https://wamiz.com/chiens/cursinu-323
DALMATIEN;.\\images\\dalmatien.jpg;https://wamiz.com/chiens/dalmatien-156
DANDIE DINMONT TERRIER;.\\images\\dandie-dinmont-terrier.jpg;https://wamiz.com/chiens/dandie-dinmont-terrier-157
DOBERMANN;.\\images\\dobermann.jpg;https://wamiz.com/chiens/dobermann-158
DOGO CANARIO;.\\images\\dogo-canario.jpg;https://wamiz.com/chiens/dogo-canario-159
DOGUE ALLEMAND;.\\images\\dogue-allemand.jpg;https://wamiz.com/chiens/dogue-allemand-160
DOGUE ARGENTIN;.\\images\\dogue-argentin.jpg;https://wamiz.com/chiens/dogue-argentin-161
DOGUE DE BORDEAUX;.\\images\\dogue-de-bordeaux.jpg;https://wamiz.com/chiens/dogue-de-bordeaux-162
DOGUE DE MAJORQUE;.\\images\\dogue-de-majorque.jpg;https://wamiz.com/chiens/dogue-de-majorque-163
DOGUE DU TIBET;.\\images\\dogue-du-tibet.jpg;https://wamiz.com/chiens/dogue-du-tibet-164
DREVER;.\\images\\drever.jpg;https://wamiz.com/chiens/drever-165
DUNKER;.\\images\\dunker.jpg;https://wamiz.com/chiens/dunker-166
EPAGNEUL A PERDRIX DE DRENTE;.\\images\\epagneul-a-perdrix-de-drente.jpg;https://wamiz.com/chiens/epagneul-a-perdrix-de-drente-167
EPAGNEUL BLEU DE PICARDIE;.\\images\\epagneul-bleu-de-picardie.jpg;https://wamiz.com/chiens/epagneul-bleu-de-picardie-168
EPAGNEUL BRETON;.\\images\\epagneul-breton.jpg;https://wamiz.com/chiens/epagneul-breton-169
EPAGNEUL DE PONT-AUDEMER;.\\images\\epagneul-de-pont-audemer.jpg;https://wamiz.com/chiens/epagneul-de-pont-audemer-170
EPAGNEUL FRANCAIS;.\\images\\epagneul-francais.jpg;https://wamiz.com/chiens/epagneul-francais-171
EPAGNEUL JAPONAIS;.\\images\\epagneul-japonais.jpg;https://wamiz.com/chiens/epagneul-japonais-172
EPAGNEUL NAIN CONTINENTAL;.\\images\\epagneul-nain-continental.jpg;https://wamiz.com/chiens/epagneul-nain-continental-173
EPAGNEUL PICARD;.\\images\\epagneul-picard.jpg;https://wamiz.com/chiens/epagneul-picard-174
EPAGNEUL TIBETAIN;.\\images\\epagneul-tibetain.jpg;https://wamiz.com/chiens/epagneul-tibetain-175
EURASIER;.\\images\\eurasier.jpg;https://wamiz.com/chiens/eurasier-176
FIELD SPANIEL;.\\images\\field-spaniel.jpg;https://wamiz.com/chiens/field-spaniel-177
FILA BRASILEIRO;.\\images\\fila-brasileiro.jpg;https://wamiz.com/chiens/fila-brasileiro-178
FLAT-COATED RETRIEVER;.\\images\\flat-coated-retriever.jpg;https://wamiz.com/chiens/flat-coated-retriever-179
FOX-TERRIER;.\\images\\fox-terrier.jpg;https://wamiz.com/chiens/fox-terrier-182
FOXHOUND AMERICAIN;.\\images\\foxhound-americain.jpg;https://wamiz.com/chiens/foxhound-americain-180
FOXHOUND ANGLAIS;.\\images\\foxhound-anglais.jpg;https://wamiz.com/chiens/foxhound-anglais-181
FRANCAIS BLANC ET NOIR;.\\images\\francais-blanc-et-noir.jpg;https://wamiz.com/chiens/francais-blanc-et-noir-183
FRANCAIS BLANC ET ORANGE;.\\images\\francais-blanc-et-orange.jpg;https://wamiz.com/chiens/francais-blanc-et-orange-184
FRANCAIS TRICOLORE;.\\images\\francais-tricolore.jpg;https://wamiz.com/chiens/francais-tricolore-185
GOLDEN RETRIEVER;.\\images\\golden-retriever.jpg;https://wamiz.com/chiens/golden-retriever-186
GRAND ANGLO-FRANCAIS BLANC ET NOIR;.\\images\\grand-anglo-francais-blanc-et-noir.jpg;https://wamiz.com/chiens/grand-anglo-francais-blanc-et-noir-187
GRAND ANGLO-FRANCAIS BLANC ET ORANGE;.\\images\\grand-anglo-francais-blanc-et-orange.jpg;https://wamiz.com/chiens/grand-anglo-francais-blanc-et-orange-188
GRAND ANGLO-FRANCAIS TRICOLORE;.\\images\\grand-anglo-francais-tricolore.jpg;https://wamiz.com/chiens/grand-anglo-francais-tricolore-189
GRAND BASSET GRIFFON VENDEEN;.\\images\\grand-basset-griffon-vendeen.jpg;https://wamiz.com/chiens/grand-basset-griffon-vendeen-190
GRAND BOUVIER SUISSE;.\\images\\grand-bouvier-suisse.jpg;https://wamiz.com/chiens/grand-bouvier-suisse-191
GRAND GASCON SAINTONGEOIS;.\\images\\grand-gascon-saintongeois.jpg;https://wamiz.com/chiens/grand-gascon-saintongeois-193
GRAND GRIFFON VENDEEN;.\\images\\grand-griffon-vendeen.jpg;https://wamiz.com/chiens/grand-griffon-vendeen-194
GRAND MUNSTERLANDER;.\\images\\grand-munsterlander.jpg;https://wamiz.com/chiens/grand-muensterlaender-195
GREYHOUND;.\\images\\greyhound.jpg;https://wamiz.com/chiens/greyhound-196
GRIFFON A POIL DUR KORTHALS;.\\images\\griffon-a-poil-dur-korthals.jpg;https://wamiz.com/chiens/griffon-a-poil-dur-korthals-197
GRIFFON BELGE;.\\images\\griffon-belge.jpg;https://wamiz.com/chiens/griffon-belge-198
GRIFFON BRUXELLOIS;.\\images\\griffon-bruxellois.jpg;https://wamiz.com/chiens/griffon-bruxellois-199
GRIFFON FAUVE DE BRETAGNE;.\\images\\griffon-fauve-de-bretagne.jpg;https://wamiz.com/chiens/griffon-fauve-de-bretagne-200
GRIFFON NIVERNAIS;.\\images\\griffon-nivernais.jpg;https://wamiz.com/chiens/griffon-nivernais-201
HAMILTON STOVARE;.\\images\\hamilton-stovare.jpg;https://wamiz.com/chiens/hamilton-stoevare-202
HARRIER;.\\images\\harrier.jpg;https://wamiz.com/chiens/harrier-203
HOKKAIDO KEN;.\\images\\hokkaido-ken.jpg;https://wamiz.com/chiens/hokkaido-ken-204
HOVAWART;.\\images\\hovawart.jpg;https://wamiz.com/chiens/hovawart-205
HUSKY SIBERIEN;.\\images\\husky-siberien.jpg;https://wamiz.com/chiens/husky-siberien-206
IRISH GLEN OF IMAAL TERRIER;.\\images\\irish-glen-of-imaal-terrier.jpg;https://wamiz.com/chiens/irish-glen-of-imaal-terrier-207
IRISH TERRIER;.\\images\\irish-terrier.jpg;https://wamiz.com/chiens/irish-terrier-208
IRISH TERRIER A POIL DOUX;.\\images\\irish-terrier-a-poil-doux.jpg;https://wamiz.com/chiens/irish-terrier-a-poil-doux-209
JACK RUSSELL TERRIER;.\\images\\jack-russell-terrier.jpg;https://wamiz.com/chiens/jack-russell-terrier-210
JAGDTERRIER;.\\images\\jagdterrier.jpg;https://wamiz.com/chiens/jagdterrier-211
KAI;.\\images\\kai.jpg;https://wamiz.com/chiens/kai-212
KELPIE;.\\images\\kelpie.jpg;https://wamiz.com/chiens/kelpie-213
KERRY BLUE TERRIER;.\\images\\kerry-blue-terrier.jpg;https://wamiz.com/chiens/kerry-blue-terrier-214
KING CHARLES SPANIEL;.\\images\\king-charles-spaniel.jpg;https://wamiz.com/chiens/king-charles-spaniel-215
KISHU;.\\images\\kishu.jpg;https://wamiz.com/chiens/kishu-216
KOMONDOR;.\\images\\komondor.jpg;https://wamiz.com/chiens/komondor-217
KOREA JINDO DOG;.\\images\\korea-jindo-dog.jpg;https://wamiz.com/chiens/korea-jindo-dog-218
KROMFOHRLANDER;.\\images\\kromfohrlander.jpg;https://wamiz.com/chiens/kromfohrlaender-219
KUVASZ;.\\images\\kuvasz.jpg;https://wamiz.com/chiens/kuvasz-220
LABRADOR RETRIEVER;.\\images\\labrador-retriever.jpg;https://wamiz.com/chiens/labrador-retriever-221
LAIKA DE SIBERIE OCCIDENTALE;.\\images\\laika-de-siberie-occidentale.jpg;https://wamiz.com/chiens/laika-de-siberie-occidentale-222
LAIKA DE SIBERIE ORIENTALE;.\\images\\laika-de-siberie-orientale.jpg;https://wamiz.com/chiens/laika-de-siberie-orientale-223
LAIKA RUSSE EUROPEEN;.\\images\\laika-russe-europeen.jpg;https://wamiz.com/chiens/laika-russe-europeen-224
LAKELAND TERRIER;.\\images\\lakeland-terrier.jpg;https://wamiz.com/chiens/lakeland-terrier-225
LANDSEER;.\\images\\landseer.jpg;https://wamiz.com/chiens/landseer-226
LEONBERGER;.\\images\\leonberger.jpg;https://wamiz.com/chiens/leonberger-227
LEVRIER AFGHAN;.\\images\\levrier-afghan.jpg;https://wamiz.com/chiens/levrier-afghan-228
LEVRIER ECOSSAIS;.\\images\\levrier-anglais.jpg;https://wamiz.com/chiens/levrier-ecossais-229
LEVRIER ESPAGNOL;.\\images\\levrier-espagnol.jpg;https://wamiz.com/chiens/levrier-espagnol-230
LEVRIER HONGROIS;.\\images\\levrier-hongrois.jpg;https://wamiz.com/chiens/levrier-hongrois-231
LEVRIER IRLANDAIS;.\\images\\levrier-irlandais.jpg;https://wamiz.com/chiens/levrier-irlandais-232
LEVRIER POLONAIS;.\\images\\levrier-polonais.jpg;https://wamiz.com/chiens/levrier-polonais-233
LHASSA APSO;.\\images\\lhassa-apso.jpg;https://wamiz.com/chiens/lhassa-apso-234
MALAMUTE DE L'ALASKA;.\\images\\malamute-de-l-alaska.jpg;https://wamiz.com/chiens/malamute-de-l-alaska-235
MANCHESTER TERRIER;.\\images\\manchester-terrier.jpg;https://wamiz.com/chiens/manchester-terrier-236
MASTIFF;.\\images\\mastiff.jpg;https://wamiz.com/chiens/mastiff-237
MATIN DES PYRENEES;.\\images\\matin-des-pyrenees.jpg;https://wamiz.com/chiens/matin-des-pyrenees-238
MATIN ESPAGNOL;.\\images\\matin-espagnol.jpg;https://wamiz.com/chiens/matin-espagnol-239
MATIN NAPOLITAIN;.\\images\\matin-napolitain.jpg;https://wamiz.com/chiens/matin-napolitain-240
MUDI;.\\images\\mudi.jpg;https://wamiz.com/chiens/mudi-241
NORFOLK TERRIER ET NORWICH TERRIER;.\\images\\norfolk-terrier-et-norwich-terrier.jpg;https://wamiz.com/chiens/norfolk-terrier-et-norwich-terrier-242
OTTERHOUND;.\\images\\otterhound.jpg;https://wamiz.com/chiens/otterhound-243
PARSON RUSSELL TERRIER;.\\images\\parson-jack-russell-terrier.jpg;https://wamiz.com/chiens/parson-russell-terrier-244
PEKINOIS;.\\images\\pekinois.jpg;https://wamiz.com/chiens/pekinois-245
PETIT BASSET GRIFFON VENDEEN;.\\images\\petit-basset-griffon-vendeen.jpg;https://wamiz.com/chiens/petit-basset-griffon-vendeen-246
PETIT BRABANCON;.\\images\\petit-brabancon.jpg;https://wamiz.com/chiens/petit-brabancon-247
PETIT CHIEN COURANT SUISSE;.\\images\\petit-chien-courant-suisse.jpg;https://wamiz.com/chiens/petit-chien-courant-suisse-253
PETIT CHIEN HOLLANDAIS DE CHASSE AU GIBIER D'EAU;.\\images\\petit-chien-hollandais-de-chasse-au-gibier-d-eau.jpg;https://wamiz.com/chiens/petit-chien-hollandais-de-chasse-au-gibier-d-eau-248
PETIT CHIEN LION;.\\images\\petit-chien-lion.jpg;https://wamiz.com/chiens/petit-chien-lion-249
PETIT GASCON SAINTONGEOIS;.\\images\\petit_saintongeois.jpg;https://wamiz.com/chiens/petit-gascon-saintongeois-250
PETIT LEVRIER ITALIEN;.\\images\\petit-levrier-italien.jpg;https://wamiz.com/chiens/petit-levrier-italien-251
PETIT MUNSTERLANDER;.\\images\\petit-munsterlander.jpg;https://wamiz.com/chiens/petit-muensterlaender-252
PINSCHER;.\\images\\pinscher.jpg;https://wamiz.com/chiens/pinscher-254
PINSCHER AUTRICHIEN A POIL COURT;.\\images\\pinscher-autrichien-a-poil-court.jpg;https://wamiz.com/chiens/pinscher-autrichien-a-poil-court-255
PODENCO CANARIO;.\\images\\podenco-canario.jpg;https://wamiz.com/chiens/podenco-canario-256
PODENCO IBICENCO;.\\images\\podenco-ibicenco.jpg;https://wamiz.com/chiens/podenco-ibicenco-257
PODENGO PORTUGAIS;.\\images\\podenco-portugais.jpg;https://wamiz.com/chiens/podengo-portugais-258
POINTER ANGLAIS;.\\images\\pointer-anglais.jpg;https://wamiz.com/chiens/pointer-anglais-259
POITEVIN;.\\images\\poitevin.jpg;https://wamiz.com/chiens/poitevin-260
PORCELAINE;.\\images\\porcelaine.jpg;https://wamiz.com/chiens/porcelaine-261
PUDELPOINTER;.\\images\\pudelpointer.jpg;https://wamiz.com/chiens/pudelpointer-262
PULI;.\\images\\puli.jpg;https://wamiz.com/chiens/puli-263
PUMI;.\\images\\pumi.jpg;https://wamiz.com/chiens/pumi-264
RAFEIRO DO ALENTEJO;.\\images\\rafeiro-do-alentejo.jpg;https://wamiz.com/chiens/rafeiro-do-alentejo-265
RETRIEVER DE LA NOUVELLE-ECOSSE;.\\images\\retriever-de-la-nouvelle-ecosse.jpg;https://wamiz.com/chiens/retriever-de-la-nouvelle-ecosse-266
RHODESIAN RIDGEBACK;.\\images\\rhodesian-ridgeback.jpg;https://wamiz.com/chiens/rhodesian-ridgeback-267
ROTTWEILER;.\\images\\rottweiler.jpg;https://wamiz.com/chiens/rottweiler-268
RUSSKIY TOY;.\\images\\russkiy-toy.jpg;https://wamiz.com/chiens/russkiy-toy-321
SAINT-BERNARD;.\\images\\saint-bernard.jpg;https://wamiz.com/chiens/saint-bernard-269
SALUKI;.\\images\\saluki.jpg;https://wamiz.com/chiens/saluki-270
SAMOYEDE;.\\images\\samoyede.jpg;https://wamiz.com/chiens/samoyede-271
SCHAPENDOES NEERLANDAIS;.\\images\\schapendoes-neerlandais.jpg;https://wamiz.com/chiens/schapendoes-neerlandais-272
SCHILLER STOVARE;.\\images\\schiller-stovare.jpg;https://wamiz.com/chiens/schiller-stoevare-273
SCHIPPERKE;.\\images\\schipperkee.jpg;https://wamiz.com/chiens/schipperke-274
SCHNAUZER;.\\images\\schnauzer.jpg;https://wamiz.com/chiens/schnauzer-275
SCOTTISH TERRIER;.\\images\\scottish-terrier.jpg;https://wamiz.com/chiens/scottish-terrier-276
SEALYHAM TERRIER;.\\images\\sealyham-terrier.jpg;https://wamiz.com/chiens/sealyham-terrier-277
SETTER ANGLAIS;.\\images\\setter-anglais.jpg;https://wamiz.com/chiens/setter-anglais-278
SETTER GORDON;.\\images\\setter-gordon.jpg;https://wamiz.com/chiens/setter-gordon-279
SETTER IRLANDAIS;.\\images\\setter-irlandais.jpg;https://wamiz.com/chiens/setter-irlandais-280
SETTER IRLANDAIS ROUGE ET BLANC;.\\images\\setter-irlandais-rouge-et-blanc.jpg;https://wamiz.com/chiens/setter-irlandais-rouge-et-blanc-281
SHAR PEI;.\\images\\shar-pei.jpg;https://wamiz.com/chiens/shar-pei-282
SHIBA INU;.\\images\\shiba-inu.jpg;https://wamiz.com/chiens/shiba-inu-283
SHIH TZU;.\\images\\shih-tzu.jpg;https://wamiz.com/chiens/shih-tzu-284
SHIKOKU;.\\images\\shikoku.jpg;https://wamiz.com/chiens/shikoku-285
SILKY TERRIER;.\\images\\silky-terrier.jpg;https://wamiz.com/chiens/silky-terrier-286
SKYE TERRIER;.\\images\\skye-terrier.jpg;https://wamiz.com/chiens/skye-terrier-287
SLOUGHI;.\\images\\sloughi.jpg;https://wamiz.com/chiens/sloughi-288
SLOVENSKY CUVAC;.\\images\\slovensky-cuvac.jpg;https://wamiz.com/chiens/slovensky-cuvac-289
SMALAND STOVARE;.\\images\\smaland-stovare.jpg;https://wamiz.com/chiens/smaaland-stoevare-290
SMOUS DES PAYS-BAS;.\\images\\smous-des-pays-bas.jpg;https://wamiz.com/chiens/smous-des-pays-bas-291
SPINONE;.\\images\\spinone.jpg;https://wamiz.com/chiens/spinone-292
SPITZ ALLEMAND;.\\images\\spitz-allemands.jpg;https://wamiz.com/chiens/spitz-allemand-293
SPITZ DE NORBOTTEN;.\\images\\spitz-de-norbotten.jpg;https://wamiz.com/chiens/spitz-de-norbotten-294
SPITZ DES WISIGOTHS;.\\images\\spitz-des-wisigoths.jpg;https://wamiz.com/chiens/spitz-des-wisigoths-295
SPITZ FINLANDAIS;.\\images\\spitz-finlandais.jpg;https://wamiz.com/chiens/spitz-finlandais-296
SPITZ JAPONAIS;.\\images\\spitz-japonais.jpg;https://wamiz.com/chiens/spitz-japonais-297
SPRINGER ANGLAIS;.\\images\\springer-anglais.jpg;https://wamiz.com/chiens/springer-anglais-298
STABYHOUN;.\\images\\stabyhoun.jpg;https://wamiz.com/chiens/stabyhoun-299
STAFFORDSHIRE BULL TERRIER;.\\images\\staffordshire-bull-terrier.jpg;https://wamiz.com/chiens/staffordshire-bull-terrier-300
SUSSEX SPANIEL;.\\images\\sussex-spaniel.jpg;https://wamiz.com/chiens/sussex-spaniel-301
TECKEL;.\\images\\teckel.jpg;https://wamiz.com/chiens/teckel-302
TERRE-NEUVE;.\\images\\terre-neuve.jpg;https://wamiz.com/chiens/terre-neuve-303
TERRIER AUSTRALIEN;.\\images\\terrier-australien.jpg;https://wamiz.com/chiens/terrier-australien-304
TERRIER BRESILIEN;.\\images\\terrier-bresilien.jpg;https://wamiz.com/chiens/terrier-bresilien-305
TERRIER DE BOSTON;.\\images\\terrier-de-boston.jpg;https://wamiz.com/chiens/terrier-de-boston-306
TERRIER JAPONAIS;.\\images\\terrier-japonais.jpg;https://wamiz.com/chiens/terrier-japonais-307
TERRIER NOIR RUSSE;.\\images\\terrier-noir-russe.jpg;https://wamiz.com/chiens/terrier-noir-russe-308
TERRIER TCHEQUE;.\\images\\terrier-tcheque.jpg;https://wamiz.com/chiens/terrier-tcheque-309
TERRIER TIBETAIN;.\\images\\terrier-tibetain.jpg;https://wamiz.com/chiens/terrier-tibetain-310
TOSA;.\\images\\tosa.jpg;https://wamiz.com/chiens/tosa-311
TOY TERRIER ANGLAIS NOIR ET FEU;.\\images\\toy-terrier-anglais-noir-et-feu.jpg;https://wamiz.com/chiens/toy-terrier-anglais-noir-et-feu-312
VOLPINO;.\\images\\volpino.jpg;https://wamiz.com/chiens/volpino-313
WELSH CORGI;.\\images\\welsh-corgi.jpg;https://wamiz.com/chiens/welsh-corgi-314
WELSH SPRINGER SPANIEL;.\\images\\welsh-springer-spaniel.jpg;https://wamiz.com/chiens/welsh-springer-spaniel-315
WELSH TERRIER;.\\images\\welsh-terrier.jpg;https://wamiz.com/chiens/welsh-terrier-316
WEST HIGHLAND WHITE TERRIER;.\\images\\west-highland-white-terrier.jpg;https://wamiz.com/chiens/west-highland-white-terrier-317
WHIPPET;.\\images\\whippet.JPG;https://wamiz.com/chiens/whippet-318
YORKSHIRE TERRIER;.\\images\\yorkshire-terrier.jpg;https://wamiz.com/chiens/yorkshire-terrier-320
